[
    {
        "id":"123456789",
        "username":"Adam",
        "abonements":
        [
            {
                "id":1,
                "name":"HOT Mobile",
                "packages":
                [
                    {
                        "id":1,
                        "name":"SMS",
                        "amount":130,
                        "used":15
                    },
                    {
                        "id":2,
                        "name":"Calls",
                        "amount":2000,
                        "used":50
                    },
                    {
                        "id":3,
                        "name":"Internet",
                        "amount":30,
                        "used":27
                    }
                ]
            },
            {
                "id":2,
                "name":"Golan Telecom",
                "packages":
                [
                    {
                        "id":1,
                        "name":"SMS",
                        "amount":630,
                        "used":12
                    },
                    {
                        "id":2
                        ,"name":"Calls",
                        "amount":200,
                        "used":50
                    },
                    {
                        "id":3,
                        "name":"Internet",
                        "amount":5000,
                        "used":300
                    },
                    {
                        "id":3,
                        "name":"CallAbroad",
                        "amount":440,
                        "used":127
                    }
                ]
            },
            {
                "id":3,
                "name":"Partner",
                "packages":
                [
                    {
                        "id":1,
                        "name":"SMS",
                        "amount":130,
                        "used":15
                    },
                    {
                        "id":2,
                        "name":"Calls",
                        "amount":2000,
                        "used":50
                    },
                    {
                        "id":3,
                        "name":"Internet",
                        "amount":30,
                        "used":27
                    }
                ]
            }
        ]
    }
    ,{
        "id":"987654321",
        "username":"Hava",
        "abonements":
        [
            {"id":1,
                "name":"HOT Mobile",
                "packages":
                [
                    {
                        "id":1,
                        "name":"SMS",
                        "amount":130,
                        "used":15
                    },
                    {
                        "id":2,
                        "name":"Calls",
                        "amount":2000,
                        "used":50
                    },
                    {
                        "id":3,
                        "name":"Internet",
                        "amount":30,
                        "used":27
                    }
                ]
            },
            {
                "id":4,
                "name":"012",
                "packages":
                [
                    {
                        "id":1,
                        "name":"SMS",
                        "amount":630,
                        "used":12
                    },
                    {
                        "id":2,
                        "name":"Calls",
                        "amount":200,
                        "used":50
                    },
                    {
                        "id":3,
                        "name":"Internet",
                        "amount":5000,
                        "used":300
                    },
                    {
                        "id":4,
                        "name":"CallAbroad",
                        "amount":440,
                        "used":127
                    }
                ]
            }
        ]
    },
    {
        "id":"111111111",
        "username":"Me",
        "abonements":
        [
            {
                "id":1,
                "name":"HOT Mobile",
                "packages":
                [
                    {
                        "id":1,
                        "name":"SMS",
                        "amount":730,
                        "used":12
                    },
                    {
                        "id":3,
                        "name":"Internet",
                        "amount":5120,
                        "used":300
                    },
                    {
                        "id":3,
                        "name":"CallAbroad",
                        "amount":4401,
                        "used":127
                    }
                ]
            }
        ]
    }
]